Workbook

Sheet Merchants
A1: merchant_id | B1: merchant_name | C1: category | D1: region
A2: 1 | B2: Merchant_001 | C2: ecommerce | D2: South
A3: 2 | B3: Merchant_002 | C3: grocery | D3: West
A4: 3 | B4: Merchant_003 | C4: grocery | D4: East
A5: 4 | B5: Merchant_004 | C5: ecommerce | D5: East
A6: 5 | B6: Merchant_005 | C6: recharge | D6: South
A7: 6 | B7: Merchant_006 | C7: food_delivery | D7: South
A8: 7 | B8: Merchant_007 | C8: food_delivery | D8: East
A9: 8 | B9: Merchant_008 | C9: food_delivery | D9: North
A10: 9 | B10: Merchant_009 | C10: ecommerce | D10: North
A11: 10 | B11: Merchant_010 | C11: grocery | D11: West
A12: 11 | B12: Merchant_011 | C12: ecommerce | D12: North
A13: 12 | B13: Merchant_012 | C13: ecommerce | D13: East
... A41: 40 | B41: Merchant_040 | C41: entertainment | D41: South

Sheet Transactions
A1: transaction_id | B1: user_id | C1: merchant_id | D1: transaction_time | E1: amount_inr | F1: payment_method | G1: status | H1: risk_score | I1: merchant_name | J1: category | K1: region
A2: TXN100000 | B2: 350 | C2: 16 | D2: 2026-01-29 11:13:00 | E2: 2999 | F2: Wallet | G2: captured | H2: 85 | I2: =IFERROR(VLOOKUP(C2,Merchants!$A:$D,2,FALSE),"Merchant not found") -> Merchant_016 | J2: =IFERROR(VLOOKUP(C2,Merchants!$A:$D,3,FALSE),"Merchant not found") -> bill_payment | K2: =IFERROR(VLOOKUP(C2,Merchants!$A:$D,4,FALSE),"Merchant not found") -> West
A3: TXN100001 | B3: 287 | C3: 27 | D3: 2026-01-04 11:49:00 | E3: 49 | F3: UPI | G3: captured | H3: 79 | I3: =IFERROR(VLOOKUP(C3,Merchants!$A:$D,2,FALSE),"Merchant not found") -> Merchant_027 | J3: =IFERROR(VLOOKUP(C3,Merchants!$A:$D,3,FALSE),"Merchant not found") -> ecommerce | K3: =IFERROR(VLOOKUP(C3,Merchants!$A:$D,4,FALSE),"Merchant not found") -> North
A4: TXN100002 | B4: 122 | C4: 11 | D4: 2026-01-24 04:59:00 | E4: 1499 | F4: Wallet | G4: captured | H4: 22 | I4: =IFERROR(VLOOKUP(C4,Merchants!$A:$D,2,FALSE),"Merchant not found") -> Merchant_011 | J4: =IFERROR(VLOOKUP(C4,Merchants!$A:$D,3,FALSE),"Merchant not found") -> ecommerce | K4: =IFERROR(VLOOKUP(C4,Merchants!$A:$D,4,FALSE),"Merchant not found") -> North
A5: TXN100003 | B5: 92 | C5: 22 | D5: 2026-01-29 13:01:00 | E5: 49 | F5: Netbanking | G5: captured | H5: 100 | I5: =IFERROR(VLOOKUP(C5,Merchants!$A:$D,2,FALSE),"Merchant not found") -> Merchant_022 | J5: =IFERROR(VLOOKUP(C5,Merchants!$A:$D,3,FALSE),"Merchant not found") -> travel | K5: =IFERROR(VLOOKUP(C5,Merchants!$A:$D,4,FALSE),"Merchant not found") -> South
A6: TXN100004 | B6: 343 | C6: 16 | D6: 2026-01-30 13:51:00 | E6: 99 | F6: UPI | G6: captured | H6: 34 | I6: =IFERROR(VLOOKUP(C6,Merchants!$A:$D,2,FALSE),"Merchant not found") -> Merchant_016 | J6: =IFERROR(VLOOKUP(C6,Merchants!$A:$D,3,FALSE),"Merchant not found") -> bill_payment | K6: =IFERROR(VLOOKUP(C6,Merchants!$A:$D,4,FALSE),"Merchant not found") -> West
A7: TXN100005 | B7: 196 | C7: 3 | D7: 2026-01-06 22:06:00 | E7: 99 | F7: UPI | G7: captured | H7: 60 | I7: =IFERROR(VLOOKUP(C7,Merchants!$A:$D,2,FALSE),"Merchant not found") -> Merchant_003 | J7: =IFERROR(VLOOKUP(C7,Merchants!$A:$D,3,FALSE),"Merchant not found") -> grocery | K7: =IFERROR(VLOOKUP(C7,Merchants!$A:$D,4,FALSE),"Merchant not found") -> East
A8: TXN100006 | B8: 236 | C8: 23 | D8: 2026-01-08 06:52:00 | E8: 99 | F8: Wallet | G8: captured | H8: 39 | I8: =IFERROR(VLOOKUP(C8,Merchants!$A:$D,2,FALSE),"Merchant not found") -> Merchant_023 | J8: =IFERROR(VLOOKUP(C8,Merchants!$A:$D,3,FALSE),"Merchant not found") -> travel | K8: =IFERROR(VLOOKUP(C8,Merchants!$A:$D,4,FALSE),"Merchant not found") -> North
A9: TXN100007 | B9: 13 | C9: 13 | D9: 2026-01-27 07:14:00 | E9: 99 | F9: UPI | G9: captured | H9: 51 | I9: =IFERROR(VLOOKUP(C9,Merchants!$A:$D,2,FALSE),"Merchant not found") -> Merchant_013 | J9: =IFERROR(VLOOKUP(C9,Merchants!$A:$D,3,FALSE),"Merchant not found") -> travel | K9: =IFERROR(VLOOKUP(C9,Merchants!$A:$D,4,FALSE),"Merchant not found") -> East
A10: TXN100008 | B10: 36 | C10: 18 | D10: 2026-01-11 08:55:00 | E10: 799 | F10: UPI | G10: captured | H10: 44 | I10: =IFERROR(VLOOKUP(C10,Merchants!$A:$D,2,FALSE),"Merchant not found") -> Merchant_018 | J10: =IFERROR(VLOOKUP(C10,Merchants!$A:$D,3,FALSE),"Merchant not found") -> grocery | K10: =IFERROR(VLOOKUP(C10,Merchants!$A:$D,4,FALSE),"Merchant not found") -> West
A11: TXN100009 | B11: 348 | C11: 35 | D11: 2026-01-21 16:25:00 | E11: 299 | F11: UPI | G11: captured | H11: 42 | I11: =IFERROR(VLOOKUP(C11,Merchants!$A:$D,2,FALSE),"Merchant not found") -> Merchant_035 | J11: =IFERROR(VLOOKUP(C11,Merchants!$A:$D,3,FALSE),"Merchant not found") -> recharge | K11: =IFERROR(VLOOKUP(C11,Merchants!$A:$D,4,FALSE),"Merchant not found") -> East
A12: TXN100010 | B12: 134 | C12: 12 | D12: 2026-01-01 03:56:00 | E12: 49 | F12: UPI | G12: captured | H12: 74 | I12: =IFERROR(VLOOKUP(C12,Merchants!$A:$D,2,FALSE),"Merchant not found") -> Merchant_012 | J12: =IFERROR(VLOOKUP(C12,Merchants!$A:$D,3,FALSE),"Merchant not found") -> ecommerce | K12: =IFERROR(VLOOKUP(C12,Merchants!$A:$D,4,FALSE),"Merchant not found") -> East
A13: TXN100011 | B13: 306 | C13: 28 | D13: 2026-01-09 01:06:00 | E13: 2999 | F13: Card | G13: failed | H13: 44 | I13: =IFERROR(VLOOKUP(C13,Merchants!$A:$D,2,FALSE),"Merchant not found") -> Merchant_028 | J13: =IFERROR(VLOOKUP(C13,Merchants!$A:$D,3,FALSE),"Merchant not found") -> ecommerce | K13: =IFERROR(VLOOKUP(C13,Merchants!$A:$D,4,FALSE),"Merchant not found") -> South
... A548: TXN300031 | B548: 345 | C548: 12 | D548: 2026-01-23 09:03:00 | E548: 399 | F548: Card | G548: captured | H548: 69 | I548: =IFERROR(VLOOKUP(C548,Merchants!$A:$D,2,FALSE),"Merchant not found") -> Merchant_012 | J548: =IFERROR(VLOOKUP(C548,Merchants!$A:$D,3,FALSE),"Merchant not found") -> ecommerce | K548: =IFERROR(VLOOKUP(C548,Merchants!$A:$D,4,FALSE),"Merchant not found") -> East

Sheet Lookup
A1: UPI | B1: Wallet | C1: Card | D1: Netbanking
A2: 0.3 | B2: 0.8 | C2: 1.5 | D2: 1.2
